{
  "assetsByChunkName": {
    "vendors~app-account~app-confirmation~app-order": "chunk.9267624a92233bf9e347.js",
    "vendors~app-account~app-checkout": "chunk.d74a4ce59928612771ae.js",
    "vendors~app-cart~app-checkout": "chunk.43b1f035453ba483e95c.js",
    "admin": [
      "admin.ded0b34fd31e1ed484cc.js",
      "admin.ded0b34fd31e1ed484cc.js.map"
    ],
    "app-account": "chunk.4bd18b5682ac2a885e94.js",
    "app-checkout": "chunk.cb1483ab92442c80245d.js",
    "app-confirmation": "chunk.9f4bc391b2fcdaf15e26.js",
    "checkout": [
      "checkout.0754889e8bb42a9619f3.js",
      "checkout.0754889e8bb42a9619f3.js.map"
    ],
    "storefront": [
      "storefront.284f1e371bd7ca31d3c3.css",
      "storefront.759422a5732c12eef961.js",
      "storefront.284f1e371bd7ca31d3c3.css.map",
      "storefront.759422a5732c12eef961.js.map"
    ],
    "vendors~app-cart": "chunk.a8733b42cc4d602a1b9a.js",
    "vendors~app-order": "chunk.fe720db7a9cc0b27017f.js"
  }
}