{
  "meta_title": "",
  "meta_description": "",
  "sections": [
    {
      "type": "banner-slider",
      "autoplay": 9000,
      "full_width": true,
      "slides": [
        {
          "img": "/img/uploads/sua-alianca-dos-sonhos-esta-aqui-1.png",
          "link": "/headset",
          "alt": "Headset banner",
          "start": "2020-04-11T05:54:06.750Z",
          "end": "2020-12-31T03:00:00.000Z",
          "mobile_img": "/img/uploads/sua-alianca-dos-sonhos-esta-aqui-1.png"
        },
        {
          "start": "",
          "end": "",
          "img": "/img/uploads/sua-alianca-dos-sonhos-esta-aqui-2.png",
          "alt": "Banner sample two",
          "mobile_img": "/img/uploads/2.png"
        },
        {
          "start": "",
          "end": "",
          "img": "/img/uploads/sua-alianca-dos-sonhos-esta-aqui.png",
          "mobile_img": "/img/uploads/sua-alianca-dos-sonhos-esta-aqui.png"
        }
      ]
    },
    {
      "type": "info-bar",
      "enabled": true
    },
    {
      "type": "collection-shelf",
      "shuffle": true,
      "collection_id": null,
      "sort": "offers",
      "title": "",
      "headless": false,
      "limit": 12,
      "page": 1
    },
    {
      "type": "page-title",
      "title": "Art Alianças ",
      "description": "Ateliê de joias "
    },
    {
      "type": "custom-html",
      "html": "<script src=\"https://www.sowecms.com/demos/InstagramFeed/dist/InstagramFeed.min.js\"></script>\n<div id=\"instagram-feed\" class=\"instagram_feed\"></div>\n<script>\n    (function(){\n        new InstagramFeed({\n            'username': art_aliancas,\n            'container': document.getElementById(\"instagram-feed\"),\n            'display_profile': false,\n            'display_biography': false,\n            'display_igtv': false,\n            'display_gallery': true,\n            'get_raw_json': false,\n            'callback': null,\n            'styling': true,\n            'items': 6,\n            'items_per_row': 6,\n            'margin': 2\n        });\n    })();\n</script>"
    }
  ]
}